index,lat,lon
0,50.9973853,2.2094029
1,47.5424595,-122.26183
2,47.482876,-122.187895
3,47.67686847,-122.1305364
4,48.05702733,-122.1694334
5,-33.86432921,151.2178715
6,49.21327426,-122.9177133
7,-37.81790138,144.9718824
8,49.10486033,-122.6660416
9,47.67835202,-122.1145187
10,53.80220338,-1.767082929
11,51.41393953,-0.751460597
12,48.9234287,2.257056833
13,38.6832595,-121.284827
14,51.74270358,-1.254868863
15,32.69279353,-117.1811295
16,47.47804956,-122.2098091
17,32.632011,-117.0392537
18,-31.44199919,152.9099709
19,48.91347097,2.252579698
20,32.6198378,-117.0881281
21,-33.7990981,151.1873332
22,33.8346214,-117.7992035
23,50.71907583,1.62161512
24,47.48874638,-122.2170502
25,47.47881487,-122.2191244
26,-37.7371906,145.0939639
27,32.6018088,-117.0644934
28,32.73631015,-116.9941263
29,47.66760777,-122.1306931
30,48.87914682,2.210964528
31,48.87041776,2.212274852
32,47.1797932,-122.2507957
33,48.6828091,2.165663
34,49.32107905,-123.0794793
35,47.1493666,-122.2846198
36,47.18568893,-122.3012504
37,50.73533294,7.095347166
38,46.59296001,-120.4971829
39,37.6846789,-122.4591305
40,49.11102041,-122.6698522
41,47.4719651,-122.1781104
42,-38.37671829,142.4907502
43,-25.27554401,133.780895
44,34.1094398,-118.4234949
45,48.91546088,2.260035326
46,32.6418328,-117.0863525
47,-33.95641662,151.2288743
48,32.69125821,-117.1813916
49,39.10346043,-84.51996689
50,50.72655293,1.610042197
51,46.59980552,-120.5080169
52,-37.81095717,144.9602589
53,48.06148463,-122.1769003
54,48.9267083,2.2401875
55,53.41098467,-2.998043425
56,32.6377641,-116.939726
57,34.07047736,-118.4013969
58,37.91533835,-122.5457489
59,37.5097301,-122.2876124
60,45.0595837,-122.9440646
61,-37.80403648,144.9616003
62,48.7870725,-122.4234489
63,-38.14842568,144.3559201
64,34.01988159,-118.4839686
65,48.8653836,2.347706736
66,-26.79398014,153.1237341
67,34.0657416,-118.4096137
68,-31.629633,152.7171125
69,49.2216916,-123.0099885
70,51.40798255,-0.745757093
71,51.66085362,-0.394674267
72,47.19022693,-122.2945569
73,34.07293992,-118.3927239
74,34.02697264,-118.4856776
75,48.9062529,2.2587432
76,47.7194539,-117.4311641
77,53.5885249,10.0714296
78,32.8328112,-117.2712717
79,32.6426649,-117.0023261
80,32.73544582,-116.9907275
81,32.65908851,-117.0666959
82,48.62414049,-123.6277474
83,34.07380883,-118.4070053
84,34.08166022,-118.3997811
85,32.6265725,-117.0777382
86,34.0755908,-118.3658681
87,46.60745697,-120.5030842
88,32.68316065,-117.1904628
89,34.09179383,-118.1126493
90,48.1631022,-122.3355428
91,32.63225388,-117.0904767
92,47.48039309,-122.211972
93,34.18788321,-118.3028486
94,47.82132729,-122.3210697
95,32.68964263,-117.1874443
96,32.63872259,-117.0892029
97,48.9321336,2.4132954
98,51.16194638,10.45848068
99,47.60830238,-122.3242568
100,48.49461173,-123.3943087
101,32.64563611,-117.0925939
102,-42.87811064,147.3330864
103,50.69515534,3.173082732
104,48.8157575,2.3442569
105,48.05992636,-122.1752981
106,37.8810971,-122.276854
107,49.21474848,-122.6242435
108,47.67477379,-122.3942997
109,47.67664405,-122.1197162
110,47.18714942,-122.3007437
111,48.4704797,-123.5267915
112,53.8585098,-1.9117651
113,53.95141257,-1.089664071
114,-38.0183644,145.3370978
115,34.06524367,-118.3997844
116,32.75320039,-117.0048852
117,47.68225213,-122.1171743
118,32.67550048,-117.100603
119,34.07881557,-118.3933691
120,37.67970594,-122.4556359
121,32.74007442,-117.0065015
122,-33.80684299,151.1679902
123,51.5792423,-0.3395007
124,-33.81488424,151.2004203
125,-37.8307045,144.9575699
126,37.58743753,-122.3390286
127,48.8376611,2.3689005
128,51.6546979,-0.410468
129,51.50397546,-0.123929178
130,49.3423283,7.1851748
131,47.6316967,-122.6510542
132,48.05176572,-122.1703316
133,32.6094314,-117.0844407
134,50.7313899,7.100236467
135,-33.82583619,151.1986236
136,51.6492509,-0.382619878
137,34.15982546,-118.6184784
138,52.49462432,-1.893885529
139,34.08093528,-118.3938735
140,34.06761065,-118.4047589
141,-42.8696905,147.3695298
142,37.7274893,-122.4239243
143,-26.79368127,153.1254284
144,34.0100394,-118.4966136
145,48.8489684,2.3250527
146,51.4246,-0.754146761
147,49.36121246,7.192090961
148,51.4771294,-0.6192042
149,47.67994734,-122.3849903
150,34.0736204,-118.4003563
151,48.05840477,-122.1815115
152,49.32266284,6.754697257
153,51.63706705,0.41566939
154,-42.88229159,147.3183675
155,34.01264848,-118.481599
156,47.66476694,-122.1283542
157,-42.88668269,147.3281575
158,32.67373358,-117.0716697
159,51.5126111,0.0245131
160,48.42872509,-123.3704692
161,47.67034594,-122.3894397
162,48.76497369,11.41637079
163,50.31916357,11.90682331
164,48.43288705,-123.3660727
165,34.08299398,-118.4035682
166,51.4136037,-0.744012099
167,32.68524242,-117.1837838
168,46.598972,-120.5034936
169,45.3928543,-122.5833527
170,47.47464225,-122.2189073
171,-38.15717282,144.3609488
172,48.05857254,-122.1679258
173,47.55731896,-122.625503
174,32.68793609,-117.1821958
175,-27.1720445,152.9347141
176,34.08156516,-118.3979918
177,53.5526497,10.0132442
178,34.0710678,-118.4277639
179,51.41244036,-0.745761483
180,-31.42372213,152.9077553
181,53.54471593,10.0028882
182,48.9271464,2.2673007
183,45.4833087,-122.7747348
184,47.68471471,-122.3872826
185,-37.6647926,144.5465237
186,-37.83177952,144.9531449
187,34.1468308,-118.0574993
188,48.449293,-123.495411
189,47.6178896,-122.6022893
190,34.15548924,-118.604597
191,47.045785,-122.7840465
192,-38.15754839,144.3677907
193,37.80851918,-122.2667053
194,47.6753646,-122.3837557
195,48.4145514,-123.3465293
196,-42.88934597,147.3216867
197,47.82611759,-122.3118543
198,-31.42989297,152.904518
199,51.41686747,-0.745025262
200,37.79504939,-122.2654661
201,-33.87586965,151.2132505
202,-32.92362528,151.7848287
203,51.71700723,8.763465015
204,-33.82451749,151.1886132
205,34.09969813,-118.1149015
206,53.5742479,9.9870309
207,-38.15841456,144.3686924
208,32.67461396,-117.0819082
209,47.81314164,-122.3119779
210,-38.14353267,144.3658966
211,34.105672,-118.382591
212,47.81996318,-122.3238487
213,-19.1968036,146.6831301
214,38.10322927,-122.5745045
215,48.42251655,-123.3748866
216,-33.82402967,151.1856713
217,54.95969167,-1.609345943
218,47.6041707,-122.7597559
219,49.20067352,-122.6534302
220,48.61257795,-123.6328309
221,48.668833,2.5541809
222,48.7422951,2.3526024
223,52.04175463,-0.751822268
224,-38.14129093,144.3702313
225,48.4302679,-123.3650993
226,41.87654875,-87.63211907
227,54.97435718,-1.624238063
228,49.2744782,6.6989643
229,51.5538917,8.5158649
230,-37.80601432,144.9691327
231,48.9097557,2.432005404
232,34.08151883,-118.3991808
233,-42.87831078,147.3294698
234,50.74292951,7.090675456
235,46.5824736,-120.5330905
236,38.2712769,-76.500043
237,46.60083507,-120.5149596
238,32.83296745,-117.2691474
239,34.01045832,-118.5001121
240,47.89921833,1.912543005
241,-38.1449579,144.3561465
242,47.8397272,-122.1983215
243,53.55789241,10.00814449
244,53.96357536,-1.083889564
245,-38.10048725,145.2829883
246,-38.0819129,145.1409767
247,-37.66043568,144.5348843
248,49.31946335,-123.063509
249,47.5418682,-122.0126299
250,47.8128239,-122.3164306
251,-42.87978826,147.3213915
252,48.90500248,2.432609993
253,53.54818094,9.984014809
254,47.81953959,-122.311798
255,51.50399191,-0.120668974
256,53.55808781,10.00576303
257,51.65481431,-0.393722269
258,49.19833327,-122.6669706
259,46.60756655,-120.5096582
260,-33.82762827,151.1940689
261,50.90326809,-1.38410165
262,45.5292998,-123.8888601
263,-33.82139227,151.1703529
264,52.5083668,13.3576317
265,48.42803068,-123.3558744
266,49.31827905,6.744204417
267,32.66016063,-117.0677429
268,51.72272711,8.759330769
269,32.6701292,-117.0753368
270,48.9529136,2.441123
271,34.10100197,-118.0983682
272,33.83552496,-118.3451977
273,33.87727286,-118.1115058
274,48.75045941,-122.4807552
275,-31.42701545,152.9078351
276,53.56028702,9.999522673
277,51.27555813,-1.102304432
278,45.4210953,-122.6253275
279,47.53914684,-122.0385527
280,-33.83899221,151.206109
281,47.52889202,-122.026969
282,34.1648775,-118.2053508
283,43.6383123,1.3856037
284,51.50361852,-0.136913257
285,-26.80782231,153.1279925
286,-31.4383896,152.8900547
287,48.8255285,2.4875237
288,48.9417847,2.4932199
289,48.0534257,-122.1711761
290,32.7565256,-116.9577291
291,-31.43561973,152.8926227
292,37.9330038,-122.3153241
293,48.8430918,2.3265233
294,33.84480597,-118.3398144
295,51.1718074,10.45565788
296,38.005185,-122.1147924
297,34.16663543,-118.6113938
298,48.3833556,-123.7261978
299,-33.81537179,151.1885116
300,47.81203212,-122.3770023
301,32.67742346,-117.073677
302,47.68296332,-122.1229946
303,54.96105328,-1.610368473
304,47.5560223,-122.6698766
305,49.19923673,-122.9196071
306,48.8889697,2.3032929
307,51.4686152,-0.0595337
308,32.613392,-117.0290274
309,37.5899608,-122.3596434
310,-31.42553743,152.8989877
311,47.53748612,-122.0384603
312,47.9108053,-122.2539687
313,-38.15278341,144.3599019
314,-31.44020147,152.8913031
315,47.56713207,-122.636875
316,48.42029972,-123.3094318
317,37.57572862,-122.3556198
318,51.3925485,-0.0754843
319,49.20815276,-122.9078767
320,-37.7786221,145.3398374
321,53.58735264,-2.298617842
322,-33.95314404,151.2401863
323,45.36045548,-122.6148819
324,48.42796877,-123.3651945
325,32.66520655,-117.0698595
326,45.4454925,-122.8073784
327,33.8387521,-118.3326424
328,32.68696496,-117.105469
329,47.57029691,-122.618694
330,-37.67400347,144.5340659
331,46.60267845,-120.4998057
332,-42.88063036,147.326531
333,48.1820643,-122.1210938
334,47.92988,1.890551
335,32.781961,-116.9313696
336,-26.79749909,153.1336687
337,-33.83022588,151.2127159
338,53.55578619,9.99425267
339,32.7000184,-117.027548
340,34.1129602,-118.4153172
341,45.4128285,-122.7405133
342,49.27692438,-123.1216537
343,53.41591563,-3.000271052
344,-42.88061036,147.327257
345,37.584175,-122.340397
346,33.82772335,-118.337416
347,51.74611819,14.33311689
348,51.7870406,8.7149391
349,-30.30659684,153.1107446
350,49.31921955,6.755432208
351,47.5876663,-122.6312313
352,47.67003391,-122.3811125
353,51.583824,-0.1148057
354,45.5202879,-122.893008
355,49.86388348,8.646686561
356,51.41153267,-0.761117586
357,47.82204027,-122.3165997
358,48.67611222,2.165922639
359,48.78320406,2.64723425
360,48.77066422,11.41955091
361,47.57156866,-122.6348187
362,34.06790597,-118.3925901
363,48.85065118,2.351785282
364,51.030614,2.3754297
365,49.30800377,6.761291838
366,51.46252592,-1.176309202
367,48.85289532,2.348671652
368,47.56417929,-122.6296222
369,53.54294526,10.00361626
370,33.83129307,-118.3442581
371,52.57592942,-0.239759248
372,-42.8727428,147.2984426
373,34.15838657,-118.6024669
374,47.57302142,-122.6278518
375,-26.80320875,153.1280231
376,48.85911897,2.360629712
377,32.83586395,-117.2752513
378,52.4455595,-1.3264917
379,48.78184885,2.649192935
380,52.46685604,13.33108075
381,-33.95806148,151.2279706
382,48.92369938,2.258045863
383,47.65311353,-117.4316615
384,48.8819991,2.4408986
385,-26.80716848,153.1292749
386,-37.82671485,144.9642233
387,48.7166186,2.4627898
388,51.50996695,-0.122686771
389,47.52758716,-122.02312
390,47.04194208,-122.9037676
391,-38.1785074,144.3515124
392,-33.81527131,151.1715138
393,48.44568885,-123.4908945
394,34.02493636,-118.4904757
395,53.55753206,9.992498729
396,45.4807174,-122.8064532
397,51.31211,9.4947
398,32.66973337,-117.0896805
399,48.7872082,2.045701
400,45.3755475,-122.615263
401,51.5620927,-0.0176229
402,47.6437516,-117.2724535
403,48.92485919,2.260862587
404,51.6591841,7.6071562
405,45.4776854,-122.7739546
406,47.1519389,-122.8704751
407,44.57398339,-123.2540642
408,45.47763698,-122.8029866
409,32.74725644,-116.9914603
410,48.90020331,2.434435365
411,53.55098193,10.00572714
412,-38.15350758,144.3610752
413,47.3108393,-122.4313785
414,48.42696628,-123.3166052
415,48.38379382,-123.5448554
416,53.55647482,9.984117669
417,-31.44311092,152.9056845
418,51.16329903,10.45292049
419,47.81273534,-122.3071039
420,49.31410399,-123.0627116
421,-42.884679,147.328017
422,48.7403311,-122.4532037
423,33.94354272,-118.1247658
424,51.51292845,-0.123838434
425,-38.10055155,145.1413935
426,49.10176118,-122.6653522
427,50.6457586,3.1623045
428,-34.74489543,149.7187368
429,51.50669117,6.839893069
430,46.9433306,-123.0495124
431,32.7989054,-117.1453652
432,48.902413,2.095862
433,-33.82176977,151.1595931
434,47.0459815,-122.8650989
435,47.53747793,-122.0372197
436,49.09637157,-122.6596181
437,45.36261094,-122.6188075
438,50.62040144,3.152088984
439,48.8847023,2.4257324
440,45.36597,-122.6057655
441,49.10823871,-122.669714
442,51.4652372,-1.18373686
443,-38.1135103,145.129326
444,51.65051891,-0.387944481
445,45.47751387,-122.7938592
446,51.03485262,2.367573811
447,45.5179967,-122.7552629
448,53.00873523,-2.185294605
449,37.57736531,-122.3412123
450,32.8541365,-117.2571102
451,32.66814969,-117.0780743
452,32.79174367,-116.9649508
453,48.44988143,-123.5037634
454,47.67088543,-122.3855443
455,-38.10196918,145.1409798
456,53.55102122,9.996062147
457,51.50614631,7.155365769
458,37.4173097,-122.0718398
459,53.96978224,-1.094651361
460,53.38185533,-2.603942924
461,52.56934914,-0.246813833
462,48.8738112,2.4362476
463,-19.25679797,146.8269153
464,50.4713037,3.2546185
465,-33.81235978,151.1568701
466,45.36952497,-122.6126281
467,-32.92408591,151.775115
468,33.0976507,-116.657775
469,48.8093695,11.3968776
470,-37.67498002,144.5490614
471,48.4097113,-123.3523571
472,48.9058151,2.385339
473,48.62623099,-123.6287925
474,51.6264603,-0.1115862
475,48.44381064,-123.5037657
476,-31.42669593,152.904186
477,47.5244761,-122.6052406
478,-34.9003464,138.5753167
479,47.56296962,-122.6348048
480,51.52087037,-0.718850455
481,45.49542085,-122.8091984
482,47.6748242,-122.1139928
483,44.9497034,-123.0186792
484,53.00309562,-2.172163738
485,33.83963857,-118.3381854
486,32.816299,-116.8350095
487,37.5712186,-122.0413473
488,46.5955536,-120.4926791
489,53.00202505,-2.18927442
490,48.83040077,2.240043881
491,53.58952777,-2.29623143
492,37.5769864,-122.3355381
493,45.37205362,-122.6181666
494,51.7638219,8.6649852
495,-38.10703274,145.1374259
496,37.6205703,-122.4880556
497,53.55037744,9.99690733
498,49.20982962,-122.6555669
499,51.7478189,8.8445317
500,32.596846,-117.0645449
501,47.45705879,-122.3446215
502,50.67689707,3.15370802
503,48.42176378,-123.3123918
504,33.7626322,-118.3256245
505,45.3316175,-122.6164173
506,48.8581952,2.3110297
507,45.37153546,-122.6024147
508,48.61646757,-123.6373124
509,45.4910443,-122.8065822
510,52.99711292,-2.180435707
511,49.2428313,6.8917004
512,32.68435315,-117.1050834
513,51.51352707,-0.136431484
514,51.76365328,-1.253245678
515,44.9282979,-123.0471061
516,-33.82098224,151.0573255
517,48.7272929,2.3228599
518,47.908496,-122.2449401
519,37.50961791,-122.2679027
520,53.56272632,9.980909459
521,48.86524754,2.352400192
522,48.8432016,2.2182905
523,44.8087741,-123.188508
524,47.89379706,1.904222986
525,53.55018152,9.989255643
526,-33.83511337,151.0513758
527,48.4243095,-123.7138071
528,47.65259355,-117.4232005
529,32.7595579,-117.0321482
530,-26.80048249,153.1262925
531,51.51481425,-0.11864928
532,47.82294851,-122.3113356
533,45.35869946,-122.6135131
534,51.50899682,-0.137343011
535,34.1234537,-117.6026367
536,32.79337146,-116.954986
537,-42.88756174,147.3299919
538,-28.02663983,153.4047439
539,37.57194645,-122.3403085
540,-34.4262026,150.90104
541,32.79770636,-116.9703086
542,-34.74556455,149.731441
543,48.62502147,-123.6248444
544,47.2428403,-122.4384865
545,48.9178799,2.4530138
546,50.02541191,8.432017355
547,37.66711015,-122.4528031
548,53.34858382,-2.733477396
549,51.75606297,-1.249722239
550,47.5167357,-122.0563021
551,34.14685563,-118.2541723
552,48.41787732,-123.3194733
553,32.67284552,-117.105549
554,48.9435535,2.2004316
555,-33.84464984,151.2159943
556,48.67248355,2.176037153
557,52.56630122,-0.246575268
558,-38.10833535,145.1387334
559,47.5224067,-122.0316644
560,51.51635557,-0.126279088
561,48.80767779,2.134775043
562,-37.58602457,144.7084109
563,37.3879285,-122.1490694
564,37.50715456,-122.2659139
565,48.9025507,2.3393444
566,45.0052508,-123.1409877
567,48.86494645,2.360303118
568,49.1853457,-122.5542072
569,37.5061977,-122.2543055
570,32.71825527,-117.1562945
571,45.876777,-0.172370525
572,33.94045113,-118.1252286
573,-27.4607979,153.0531745
574,49.58005824,11.01947922
575,-27.49054971,153.0591802
576,51.6148389,7.6028767
577,47.814817,-122.3781306
578,54.96200038,-1.605146539
579,48.3731869,-123.7271817
580,53.58701575,-2.289521394
581,51.7653715,-1.2104603
582,48.8865032,2.3408022
583,-19.26058493,146.8209967
584,49.86410427,8.660582367
585,32.67040814,-117.0937374
586,33.0109712,-117.1434201
587,33.6206962,-117.8741927
588,49.12802067,-122.8639856
589,-27.440291,153.0271212
590,45.530966,-122.861547
591,53.60283894,-2.299008586
592,47.56521022,-122.6295709
593,36.97776054,-122.0375939
594,-33.87486623,151.2155749
595,-33.70649879,150.553193
596,32.68014581,-117.1002661
597,47.53652911,-122.0276463
598,-33.82873538,151.1962274
599,45.4633783,-122.8064231
600,50.5652,9.63581
601,50.88439529,-1.367081884
602,48.7758253,11.42084454
603,-33.95638301,151.2382571
604,-31.96023151,115.9379681
605,51.64740305,-0.395104759
606,48.8048649,2.1203554
607,32.7554965,-117.0254992
608,36.63781876,-93.2208175
609,37.67824241,-122.4666122
610,37.57071314,-122.3446551
611,37.6290113,-122.4490179
612,51.16279898,7.073212023
613,37.44952669,-122.1385852
614,47.53417241,-122.0389906
615,34.13619043,-118.2478561
616,49.58669819,11.01032468
617,-33.87519522,151.2297255
618,43.60683969,1.344490072
619,-33.81479994,151.1617887
620,48.8802801,2.2879191
621,48.50727337,-122.2370328
622,49.31366376,-123.0699227
623,-33.83946403,151.1986716
624,50.7040835,3.1873166
625,48.4309754,-123.30746
626,48.62546334,-123.6197696
627,32.68098583,-117.0953766
628,47.54202761,-122.6324062
629,51.03905033,2.367529569
630,44.56065364,-123.2602816
631,47.66637327,-117.4330082
632,53.39955403,-2.998131227
633,53.95739898,-1.081735145
634,51.4572306,-1.185024884
635,53.40512669,-2.982465286
636,48.8492348,2.2817629
637,51.51456258,-0.126995888
638,50.0173415,9.0625692
639,32.73681278,-117.0023437
640,48.5125517,-122.2448497
641,44.94303387,-123.0442982
642,53.0041817,-2.1872367
643,-37.58587095,144.7083125
644,47.54606346,-122.6394381
645,-33.87547465,151.2303195
646,37.5337683,-121.958958
647,51.0329028,2.3806833
648,51.51549884,-0.131414866
649,48.42874659,-123.3230689
650,-38.142576,145.1248654
651,50.67296434,3.143591544
652,37.5619385,-122.3143837
653,-25.2788158,152.7674144
654,54.9871867,-1.6587433
655,34.15208001,-118.2510831
656,-38.10676208,145.1233123
657,37.58727492,-122.3541847
658,-27.46887661,153.0605556
659,48.4304298,-123.34215
660,48.74780979,2.393260795
661,32.5616581,-117.0827085
662,51.5057617,-0.0915372
663,42.9229461,-89.3887295
664,54.98120214,-1.613956776
665,45.566278,-122.6847716
666,-34.74811346,149.7251255
667,49.3166496,7.290381995
668,-31.43969068,152.9019258
669,-37.57848364,144.7135201
670,53.55602295,9.992952516
671,49.21518537,-122.6657952
672,-33.83616784,151.0548963
673,52.99434791,-2.186055082
674,-37.83685153,144.9512823
675,37.67943983,-122.4514227
676,34.05125856,-118.252317
677,32.7154745,-117.1602357
678,-33.8360164,151.2096558
679,-33.83478343,151.0473961
680,50.6754573,3.1773068
681,-32.9248487,151.7757854
682,-38.10100036,145.2755301
683,45.3547397,-122.65357
684,33.94956365,-118.1321253
685,54.96915982,-1.609227135
686,-33.95969805,151.2402185
687,51.4719072,-0.0586724
688,-34.74238703,149.7195807
689,51.51154742,-0.129247895
690,32.7587191,-117.0731848
691,47.8153321,-122.2440303
692,47.47450792,-122.3456816
693,-38.11141135,145.2828789
694,-32.3291937,115.8017152
695,45.35210756,-122.6158489
696,53.00994446,-2.18888199
697,51.51578588,-0.137595283
698,44.427859,-123.253297
699,53.55509824,9.996198745
700,52.56808648,-0.249296123
701,48.61262495,-123.6252062
702,53.9483407,-1.0727551
703,33.9881989,-118.0277798
704,-32.6018701,115.6411286
705,54.9610572,-1.600775397
706,48.62476499,-123.6267817
707,-31.95853158,115.8554599
708,48.94394168,2.367007474
709,48.9028275,2.1139594
710,-33.8283372,151.054493
711,37.87082413,-122.2789546
712,45.288871,-122.5698264
713,33.87305156,-118.115494
714,47.9101624,1.911349559
715,49.2056441,-122.911083
716,32.7369825,-117.1083127
717,51.67151199,7.639887805
718,48.75738468,-122.4777019
719,51.16398075,7.078027804
720,51.6235863,-0.746130026
721,53.58518326,-2.302212551
722,32.7865641,-117.1546145
723,49.86955861,8.650714031
724,-33.84967179,151.19769
725,34.0225341,-117.9032165
726,48.8518912,2.2851524
727,-31.94783438,115.8661953
728,49.3025575,-123.1422191
729,49.1284277,-122.8610227
730,48.41752737,-123.3073888
731,-33.80190612,151.1122745
732,47.25596523,-122.4538556
733,-31.96157885,115.9498761
734,49.24119184,7.005652185
735,47.46293851,-122.3438606
736,32.59022975,-117.1087544
737,44.9756419,-122.9623162
738,49.2051503,-123.0074286
739,51.6716757,7.626517674
740,54.94572419,-1.612590026
741,37.69380128,-122.4669701
742,37.44109992,-122.1397545
743,51.40055481,-0.835639198
744,-33.84577061,151.1986204
745,47.909652,1.894505
746,-27.4969068,153.0857991
747,50.88602902,-1.37818362
748,-37.58829258,144.7047801
749,32.71257315,-117.1590196
750,47.54582681,-122.6331221
751,50.69143691,3.169499797
752,51.16489954,10.44152611
753,-26.80269063,153.138293
754,37.5849755,-122.3472481
755,47.46075245,-122.3322183
756,54.95291341,-1.602220141
757,50.1002946,8.7258002
758,-33.95507034,151.236679
759,33.85797135,-118.1406799
760,-37.58804948,144.7068192
761,48.8936233,2.418674517
762,-36.75272234,144.2744407
763,53.4697194,-2.4927611
764,49.12277487,-122.8633752
765,48.8710647,2.34991
766,49.7830083,9.9708462
767,48.7810425,11.3738948
768,51.51147426,-0.13666199
769,53.3505185,-2.7326054
770,48.8240111,2.3357968
771,34.17492326,-118.3037543
772,37.51309438,-122.2643025
773,37.8087218,-122.3032626
774,49.1655397,-122.5912638
775,45.87727714,-0.15530079
776,33.94434098,-118.136075
777,51.04038013,2.368836053
778,-33.8775351,151.207542
779,48.8655691,2.3216686
780,45.14178215,-122.8503387
781,37.6476665,-122.4324584
782,48.8391467,2.3827662
783,34.07704556,-117.9304941
784,52.3683684,0.4685023
785,49.21477472,-123.0388042
786,-33.7686707,151.0365975
787,51.317439,9.4912791
788,53.55226,9.88103
789,51.8903832,-2.068556205
790,53.59036476,-2.301060055
791,-36.7482364,144.2830771
792,32.7760883,-117.1504807
793,44.55595822,-123.2542758
794,52.47416659,13.32854599
795,-34.7541444,149.7351486
796,-32.91966637,151.78187
797,48.62501016,-123.6258175
798,52.99462448,-2.169614426
799,-33.86825217,151.2136617
800,37.3116822,-80.00598
801,49.11054586,6.17601678
802,-33.8416789,151.2146828
803,-25.28789809,152.7675892
804,48.61435404,-123.6212138
805,48.61223216,-123.6297317
806,51.5164154,-0.123059424
807,44.9685475,-123.0650772
808,-33.917347,151.2312675
809,47.91200824,1.913171771
810,48.79758067,2.121004969
811,37.5414592,-122.023229
812,49.3013016,7.285864083
813,37.5283031,-122.2963572
814,-33.83994546,151.2074559
815,51.15654902,10.45935949
816,51.74938191,-1.25231166
817,51.4313345,-0.1065172
818,53.41401584,-2.989635045
819,45.45091025,-122.6422533
820,49.1177437,6.2667662
821,32.77754535,-117.01376
822,51.89817878,-2.0838967
823,51.2065198,6.9734316
824,51.5074449,-0.12384755
825,49.12478361,-122.85448
826,52.2850831,0.8459362
827,44.5683902,-123.2599861
828,-37.5695308,144.7060506
829,52.56324261,-0.249801306
830,53.0554577,-2.1339456
831,-33.8282911,151.1277594
832,52.99864991,-2.181717501
833,34.1139965,-118.3152836
834,47.46948756,-122.3378981
835,48.05798874,-122.1694154
836,48.83023324,2.21579735
837,51.4979082,-0.0812931
838,49.32547762,-123.0688878
839,44.9014656,-123.0704851
840,47.47273769,-122.3360517
841,49.21121671,-122.6587314
842,53.54310934,9.996068146
843,-37.5250056,144.7341102
844,-33.95500753,151.227328
845,48.5012832,-123.3892355
846,48.77143121,11.42707947
847,51.51135231,-0.12330917
848,51.18048389,6.452419462
849,33.8156666,-118.0307494
850,49.03942732,2.053506799
851,-30.3006986,153.1216057
852,47.89429202,1.91883509
853,-31.9790356,115.9306849
854,-33.82179774,151.0535013
855,52.46624958,13.36974572
856,53.965655,-1.0524413
857,-33.95761284,151.2408863
858,-26.8077253,153.1410132
859,48.8692063,2.3069181
860,48.62030713,-123.6292952
861,53.39646735,-2.601002367
862,-42.8877753,147.3298978
863,-37.57840049,144.7060751
864,44.5586881,-123.3119914
865,49.86985312,8.650871965
866,44.5349823,-122.8971071
867,47.46111098,-122.3484362
868,51.50824942,-0.124864732
869,51.74362661,-1.264374884
870,44.54629284,-122.8977397
871,34.1057558,-118.2185808
872,-34.7497956,149.7253382
873,48.8719366,2.3958645
874,-33.69103485,150.5410019
875,-25.29684412,152.7653204
876,-33.83501758,151.2137277
877,53.4020363,-2.6319213
878,-33.83315798,151.2003651
879,47.6623268,-117.1112217
880,51.51345202,-0.124525391
881,49.31085989,7.274288976
882,48.67484327,2.160727662
883,47.68682574,-122.3934151
884,44.53660566,-122.8971446
885,-33.96844159,151.222683
886,47.46520313,-122.3365069
887,53.58425327,-2.293201611
888,33.89132956,-118.1166062
889,47.682788,-122.1236518
890,47.9016348,1.934239
891,47.80612668,-122.3816573
892,48.60739472,-123.6202185
893,32.58268082,-117.1073284
894,49.31665065,7.277327571
895,-33.88668823,151.218376
896,48.62441287,-123.6278472
897,47.26006203,-122.4496089
898,48.7473809,-122.4818047
899,48.61442198,-123.6235656
900,49.21928216,-122.6197004
901,48.9076511,2.3646861
902,53.3443548,-2.8844118
903,52.46777166,13.37479436
904,37.68040337,-122.4677384
905,48.4580303,-123.5519251
906,53.95563716,-1.082787289
907,44.54453592,-122.8975051
908,50.23629096,8.622472794
909,37.9381395,-122.0452425
910,51.30762412,9.481969552
911,-34.90744597,138.5369906
912,51.76172835,-1.261281403
913,47.8874852,-122.3192467
914,51.5073509,-0.1277583
915,33.88877355,-118.1236014
916,50.62687799,3.147008713
917,49.09828282,-122.6577694
918,32.63361344,-117.0780007
919,-31.96265881,115.9366427
920,44.55458152,-123.2700865
921,45.7900613,-108.5812503
922,47.03083592,-122.9056841
923,37.8787401,-122.2803991
924,-27.49165377,153.0496032
925,49.20032916,-122.6514577
926,33.8674818,-118.1142961
927,34.0049519,-117.875208
928,-27.9933491,153.3969986
929,44.93714003,-123.0422335
930,37.87707104,-122.2802889
931,-27.482,153.051
932,-25.28719663,152.7695414
933,53.9392064,-1.0674508
934,49.108217,-122.6569075
935,48.86291181,2.350157332
936,49.11324885,-122.6545687
937,-38.10248466,145.2699065
938,48.6770341,2.194164
939,49.12026579,-122.8560469
940,-33.7925833,151.0479416
941,48.94207638,2.356121462
942,48.8391467,2.3827662
943,32.59104959,-117.116797
944,50.02866192,8.418587079
945,48.68384504,2.172107049
946,50.0142117,8.419578431
947,51.75060521,14.33043687
948,49.58138406,11.01341383
949,-26.79743158,153.1395799
950,51.47170706,-1.184763897
951,-32.92757177,151.7760773
952,53.5795602,-2.3777616
953,33.8700178,-118.1502736
954,-37.58186467,144.7166733
955,37.9015639,-122.5492604
956,49.20468833,-122.6667388
957,51.76187066,-1.251575616
958,32.64030486,-117.0851506
959,51.5229632,-0.7280527
960,52.03464955,-0.767573705
961,51.17545845,10.44279283
962,48.51120309,-123.3929698
963,48.8710647,2.34991
964,47.47379028,-122.3367085
965,34.0507258,-118.1046328
966,53.3883518,-2.5834503
967,32.57412038,-117.1124531
968,53.6886758,-1.3236351
969,48.74212459,-122.487637
970,-37.5597458,144.7067337
971,53.48549201,-2.886490134
972,44.56819638,-123.2525584
973,-32.93038566,151.7721336
974,54.98532228,-1.61633312
975,49.11904499,6.173042283
976,53.79792991,-1.557766408
977,33.7910373,-118.0410516
978,49.323563,-123.0690617
979,50.9167896,-119.4280653
980,45.3668212,-122.6152141
981,50.93414117,-0.466703033
982,48.4528436,-123.3175267
983,34.18034822,-118.3075039
984,49.10611556,-122.6524058
985,34.0697902,-117.905037
986,37.8639173,-122.2798403
987,51.2376863,6.7334028
988,-38.10954343,145.2753743
989,38.000691,-121.837451
990,34.18929072,-118.3033349
991,49.10450511,-122.658493
992,51.6383105,0.4182418
993,48.81020653,2.124974444
994,47.67114889,-122.2066036
995,48.8613629,2.400301
996,48.90214143,2.406989826
997,48.913789,2.5492054
998,37.8906689,-122.2722113
999,48.06042041,-122.181661
1000,49.21886927,-123.042852
1001,51.63679388,0.410647945
1002,51.63054839,-0.75017103
1003,47.49016944,-122.2211844
1004,34.1616873,-118.2686626
1005,49.03352707,2.05618407
1006,-25.29083902,152.7665595
1007,49.13276249,-122.8616862
1008,49.13616474,-122.8692496
1009,32.816351,-116.9807886
1010,-33.96143087,151.2351089
1011,50.10285746,8.686096843
1012,34.13673982,-118.2507411
1013,48.6566996,-122.3303069
1014,52.47965331,13.36770064
1015,48.61059072,-123.6375527
1016,-33.84402125,151.2058703
1017,-33.84467395,151.2150819
1018,-33.81959016,151.1738391
1019,45.35729317,-122.6160797
1020,47.53259309,-122.6338852
1021,49.20560432,-122.9190166
1022,-42.8868055,147.3343823
1023,33.87774918,-118.114402
1024,49.20523662,-122.6603743
1025,37.9417131,-122.0500012
1026,50.31002805,11.9119989
1027,51.72989,-1.2254215
1028,52.47958912,-1.897942827
1029,51.28842516,14.85299607
1030,50.02127533,8.43677342
1031,50.22737493,8.621340388
1032,47.4762098,-122.3369525
1033,51.4275799,0.021173
1034,32.7841268,-117.0805263
1035,48.86510003,2.345636473
1036,-38.1033205,145.2814044
1037,45.43844672,-122.6429349
1038,-31.9556126,115.9520875
1039,44.566347,-123.2604054
1040,47.45775222,-122.3414539
1041,49.31836586,-123.0648356
1042,48.84802299,2.349373146
1043,48.49983267,-122.2411936
1044,50.1311276,8.4836735
1045,50.01157087,8.428826091
1046,32.57869546,-117.1215076
1047,51.62507697,0.426622075
1048,33.86311293,-118.1308804
1049,48.6814275,2.1701864
1050,33.9023101,-117.7912348
1051,47.45937034,-122.3479187
1052,51.51224011,-0.125236462
1053,34.1234537,-117.6026367
1054,47.65413575,-117.421803
1055,49.6029515,11.003249
1056,47.4342443,-122.3466137
1057,51.45728718,-1.187526251
1058,-33.7883123,151.1744193
1059,32.8263072,-117.2795242
1060,49.62493896,7.559393115
1061,52.47161319,13.37679746
1062,-33.78445528,151.1115016
1063,48.14761799,11.45613981
1064,51.90818164,-2.082350416
1065,-25.29213697,152.7646303
1066,33.8394772,-117.9838504
1067,-25.29711678,152.7645758
1068,45.44969321,-122.6463539
1069,32.66096247,-117.0740058
1070,49.87483898,8.650552293
1071,49.21051978,-122.6262626
1072,48.90267318,2.399909635
1073,-33.86014272,151.2075077
1074,33.9292023,-118.0662317
1075,51.5508802,-0.1387733
1076,-31.95177026,115.8509562
1077,48.62517923,-123.6358238
1078,-19.26203381,146.8167423
1079,49.19746323,-122.6629155
1080,32.7365003,-117.0294278
1081,51.89445943,-2.086008897
1082,51.46021351,-1.193654769
1083,49.5973141,11.0033628
1084,47.5413084,-122.61612
1085,53.79887141,-1.556250695
1086,47.6754364,-122.1911866
1087,-28.0864888,153.3848224
1088,51.40873693,-0.842525618
1089,52.4597395,13.32945919
1090,37.8962645,-122.2668177
1091,49.3251209,-123.0703003
1092,34.0590029,-117.940618
1093,51.17554704,10.4462547
1094,44.5435979,-123.3067113
1095,-38.10913123,145.2872434
1096,50.74489004,3.113288289
1097,-32.92711662,151.7903468
1098,48.75159921,-122.4725241
1099,49.19904073,-122.6510971
1100,-31.95141477,115.8701657
1101,51.75254265,14.3336434
1102,32.75186365,-117.0047312
1103,50.74407646,7.093343031
1104,48.80276812,2.13796462
1105,-34.74475219,149.7270755
1106,-33.7883516,151.1231282
1107,37.87233026,-122.2803155
1108,51.247334,9.450524973
1109,36.9750838,-122.0328395
1110,37.69171643,-122.4727574
1111,49.20303506,-122.6504551
1112,33.9412955,-118.0660113
1113,53.54081482,9.997052996
1114,48.42816335,-123.3106437
1115,-33.7996118,151.1039795
1116,-33.83134914,151.2000412
1117,45.52819593,-122.6692719
1118,-32.93653061,151.7858145
1119,53.39138476,-2.592655669
1120,-27.45860542,153.0548133
1121,33.9895903,-118.24319
1122,45.44022826,-122.6401353
1123,33.9372358,-118.1283004
1124,49.22219785,-122.6178277
1125,48.8885185,2.3024315
1126,51.98064669,7.665045898
1127,48.72401395,9.159285017
1128,48.92775332,2.444690234
1129,51.51870399,-0.7305983
1130,48.90204178,2.407651763
1131,53.327388,-2.670454
1132,47.46238339,-122.3453743
1133,48.86197453,2.361395181
1134,-33.87090249,151.2117766
1135,51.51224033,-0.118055923
1136,48.6814275,2.1701864
1137,37.67122119,-122.4636098
1138,-31.95295583,115.9395865
1139,34.07049236,-117.9303441
1140,52.03664929,-0.755615157
1141,53.95912947,-1.092805176
1142,-31.94585625,115.8522174
1143,-33.80014579,151.1281471
1144,50.6828469,3.1378776
1145,37.98400282,-122.0224184
1146,48.97878378,2.561966745
1147,48.36778597,-123.7384855
1148,47.540444,-122.6405309
1149,47.5393152,-122.5568778
1150,51.50936698,-0.124576649
1151,51.16115337,10.44186405
1152,-37.574194,144.7200451
1153,49.10951844,6.173415409
1154,52.20426329,0.123770163
1155,51.50507835,-0.122363395
1156,51.4712341,-0.0646046
1157,-36.75034405,144.2768425
1158,-27.49151382,153.0431452
1159,52.20005863,0.116727456
1160,49.03459597,2.061805755
1161,49.329294,-122.9498167
1162,50.61372983,3.135512067
1163,50.62159477,3.152761137
1164,-33.79132974,151.1287979
1165,48.86532441,2.358336439
1166,48.36795473,-123.7363222
1167,38.2660809,-122.0658584
1168,32.66817105,-117.1072858
1169,44.4997363,-122.9070122
1170,53.80527191,-1.551475608
1171,-33.84073405,151.2106057
1172,37.86539886,-122.263724
1173,52.04920525,-0.754012594
1174,53.95699911,-1.077426921
1175,-36.766386,144.2832243
1176,-31.94909675,115.8670693
1177,49.22586023,-123.0457753
1178,-31.2512138,146.9053802
1179,34.07002629,-118.3973998
1180,-33.8118338,151.1891485
1181,-32.92821115,151.7833605
1182,45.52587011,-122.6832284
1183,-27.46023354,153.0262276
1184,-38.102965,145.2764159
1185,45.45131993,-122.6389363
1186,51.89636343,-2.080848828
1187,48.8896,2.338511
1188,50.1022921,8.6613385
1189,33.93723449,-118.1234934
1190,48.7925266,2.137525761
1191,52.48410506,-1.896335413
1192,48.8944863,2.3403136
1193,50.2255246,8.612060093
1194,51.90620688,-2.079942177
1195,48.90245586,2.251754359
1196,49.0523939,2.0357109
1197,-33.83711917,151.1958819
1198,48.3842867,-123.5379274
1199,-33.8385164,151.2041614
1200,50.61948943,3.14311949
1201,45.1537023,-122.8646844
1202,49.32159089,-123.074526
1203,47.8101543,-122.3830647
1204,36.97106271,-122.0399005
1205,48.89255194,2.15067004
1206,49.2261087,-123.0392117
1207,47.68490363,-122.2003052
1208,47.46312688,-122.3458734
1209,37.718318,-122.4428863
1210,-30.30039501,153.1191675
1211,45.42351803,-122.6647585
1212,33.87488225,-118.1169725
1213,-30.29611629,153.1089205
1214,47.5728225,-122.6420841
1215,-34.43207985,150.8972016
1216,37.67896963,-122.4555308
1217,49.20704028,-122.6154977
1218,-23.38668693,150.5065053
1219,53.56447329,9.992895959
1220,48.14565085,11.45055845
1221,-27.47474946,153.0599872
1222,48.6786123,2.181786
1223,53.38625643,-2.602173854
1224,-30.2850097,153.0989855
1225,-33.9649327,151.261584
1226,37.4868352,-122.2427965
1227,-33.8022261,151.1258294
1228,48.62474083,-123.6216186
1229,49.5926665,11.00946615
1230,48.37880601,-123.7340413
1231,49.20164198,-122.9097011
1232,34.18781997,-118.3145645
1233,48.8548187,2.3986716
1234,47.81901595,1.090262685
1235,-30.30370026,153.1044757
1236,-34.74428666,149.7348825
1237,50.10655376,8.667555147
1238,54.04060986,-2.809972853
1239,37.58123779,-122.3535946
1240,37.935247,-121.9245548
1241,48.38138826,-123.5394533
1242,54.9499613,-1.600208999
1243,51.3957555,-0.3496721
1244,-27.47399311,153.0181787
1245,48.92344264,2.448004203
1246,51.5200707,0.0085108
1247,32.79040671,-116.952558
1248,51.16976711,10.4570334
1249,46.59555642,-120.5130404
1250,51.31231603,9.484563939
1251,47.67294884,-122.2138915
1252,51.15710998,10.44673783
1253,46.0609036,-118.3277375
1254,48.39067818,-123.5347553
1255,51.72227953,8.762784776
1256,-37.57851461,144.7111565
1257,-31.9602692,115.8673749
1258,47.47505652,-122.344153
1259,53.56146652,9.984798612
1260,50.74861616,3.120450755
1261,50.2232442,8.619451607
1262,53.9875096,-1.1145088
1263,48.75656129,11.43349147
1264,-33.85962145,151.2137825
1265,32.6764723,-117.1874383
1266,-38.36691855,142.4942559
1267,48.90235802,2.159424422
1268,48.62544309,-123.6320444
1269,49.13212716,-122.8606137
1270,48.37202335,-123.7276336
1271,49.32642835,-123.0721011
1272,49.6285736,11.0335157
1273,45.15087404,-122.853744
1274,37.87037777,-122.2793837
1275,-33.84172502,151.2184788
1276,-32.92984864,151.7753564
1277,51.8571047,-2.198395
1278,49.22247938,-123.0482621
1279,50.74545017,7.101053552
1280,45.45394129,-122.644731
1281,-33.82046178,151.1882692
1282,37.87206881,-122.2666304
1283,-30.29747494,153.1125109
1284,48.8526304,2.3387896
1285,34.1217631,-118.1677007
1286,32.744189,-117.0301123
1287,45.4416444,-122.6480901
1288,-34.74674117,149.7359146
1289,48.51045477,-122.2271972
1290,51.87248293,-2.237354558
1291,51.96337504,7.660567025
1292,49.20817386,-122.9030122
1293,51.2901863,14.8509974
1294,49.31207463,-123.0822443
1295,50.73851774,7.066259301
1296,49.03899875,2.052600527
1297,51.63263212,-0.745426691
1298,53.38093569,-2.589332685
1299,-33.84949997,151.1994775
1300,-28.01326258,153.408856
1301,45.13730374,-122.8542326
1302,53.35196948,-2.737262828
1303,48.6697951,2.2111732
1304,45.52450994,-122.6764761
1305,49.20873099,-122.6274037
1306,48.38782975,-123.542003
1307,43.60701426,1.326756955
1308,-28.02470393,153.4008061
1309,37.51561231,-122.2618398
1310,-37.57619525,144.722553
1311,32.6900506,-117.076646
1312,51.61790791,0.419899905
1313,48.6174193,-123.6213417
1314,49.22592317,-122.614603
1315,37.4651671,-122.1574621
1316,-33.79370743,151.1277977
1317,-34.73974525,149.7375145
1318,51.90467704,-2.074530128
1319,48.93630305,2.361672568
1320,45.42050358,-122.6777212
1321,48.90191949,2.157287352
1322,49.31475961,7.283742299
1323,50.61544903,3.137467754
1324,51.89031089,-2.072718929
1325,-37.67363949,144.5366834
1326,48.51146612,-123.3850487
1327,45.4987556,-122.7713037
1328,32.79174167,-116.954482
1329,38.0059517,-122.0286129
1330,38.10771794,-122.5608518
1331,49.12669254,-122.8661542
1332,48.37803568,-123.7364504
1333,45.439971,-122.6384843
1334,48.49996309,-123.3792813
1335,53.33985351,-2.724191279
1336,49.231969,-122.8965765
1337,51.49342102,7.16564422
1338,47.81470715,-122.3810998
1339,50.89185622,-1.37966439
1340,37.9782143,-122.039745
1341,50.73637841,7.073199817
1342,-38.11137951,145.2795261
1343,34.6299543,-118.2142328
1344,49.32817086,-123.0821273
1345,47.81978616,-122.3683285
1346,-37.57273008,144.7232642
1347,-32.91938858,151.7873165
1348,-33.82842574,151.0923344
1349,37.6916767,-122.4110222
1350,49.1090402,6.1088643
1351,44.95275011,-123.0332578
1352,-28.01698447,153.4087297
1353,49.21863916,-123.0545564
1354,51.31444971,9.479231402
1355,37.9673065,-122.0100482
1356,-28.0538897,153.4369138
1357,47.57477149,-122.6363937
1358,51.66112905,7.623862611
1359,-34.89226484,138.5277069
1360,45.4119887,-122.6614539
1361,47.4717117,-122.22855
1362,-34.3725006,150.9045975
1363,48.37807254,-123.7448719
1364,49.22021786,-122.6233829
1365,51.4895164,-0.0880152
1366,45.14004218,-122.8521834
1367,48.42002462,-123.3236726
1368,49.57977025,11.01960381
1369,-34.42256141,150.8997594
1370,33.88868974,-118.1263608
1371,48.61116997,-123.6269132
1372,48.9512613,2.5362121
1373,53.81893561,-1.772349901
1374,-32.92214319,151.7812092
1375,49.1191642,-122.8697655
1376,34.0593843,-118.4968546
1377,52.48250783,13.37964192
1378,51.3957555,-0.3496721
1379,-34.43671621,150.8940431
1380,48.37853903,-123.5392615
1381,51.4998192,0.0870861
1382,-36.75107868,144.282819
1383,-36.76157197,144.2771266
1384,51.46322794,-0.9880452
1385,49.20892444,-123.0549204
1386,49.20578089,-122.658227
1387,-19.25688697,146.8146069
1388,34.17951183,-118.3084503
1389,53.3263623,-2.7572749
1390,53.96308474,-1.084278021
1391,37.948724,-122.061895
1392,50.3129412,11.9152602
1393,37.69685717,-122.4715738
1394,33.88713456,-118.1237994
1395,53.4289439,-2.6541494
1396,47.46748105,-122.3407865
1397,47.96917829,-122.192844
1398,48.36933018,-123.7277732
1399,53.4814595,-2.891982318
1400,47.8089115,-122.3803223
1401,48.49434426,-123.3931749
1402,48.926922,2.477259
1403,-37.57664567,144.716037
1404,-28.01776728,153.3921608
1405,-34.89133141,138.5390803
1406,51.3479952,-0.4492031
1407,48.3757463,-123.5443518
1408,47.67028683,-122.1216841
1409,51.517251,-0.137011328
1410,46.0668076,-118.3340024
1411,48.8618516,2.3055896
1412,-38.11164026,145.2881199
1413,49.22001084,-122.6285139
1414,-37.58933869,144.7110165
1415,48.91637995,2.441209939
1416,-27.3502302,153.0061904
1417,-27.47852426,153.02124
1418,47.5738724,-122.6251944
1419,51.17385921,10.44879251
1420,-34.90206371,138.5220347
1421,-33.70924167,150.5469908
1422,50.1277523,8.671069
1423,-27.46500075,153.0263927
1424,49.12575811,6.180837771
1425,37.87044527,-122.2783291
1426,49.2702929,-122.9450115
1427,49.20626598,-122.905147
1428,45.51380787,-122.6790545
1429,32.58386134,-117.1185135
1430,48.8939219,2.4113469
1431,-25.28634086,152.7609543
1432,32.8390477,-116.8920433
1433,33.87747785,-118.1206213
1434,-19.25998476,146.8151867
1435,49.31757988,-123.0800647
1436,49.0567372,6.1675226
1437,45.1386089,-122.8622423
1438,-33.82842607,151.0937292
1439,-37.9285638,145.119028
1440,-33.7686707,151.0365975
1441,48.7399808,2.251694
1442,52.56642068,-0.24471027
1443,47.97816639,-122.194179
1444,48.50448224,-122.2350024
1445,51.5459357,0.0151261
1446,45.14394531,-122.8487148
1447,-26.80432593,153.1306945
1448,-34.9004716,138.5312279
1449,53.7393741,-1.6115157
1450,49.58672564,11.00651369
1451,50.74028423,7.06259313
1452,33.87632934,-118.1232168
1453,-33.83279733,151.0892912
1454,-27.46057765,153.0343756
1455,-32.91845496,151.7851967
1456,51.19312891,6.698255722
1457,-36.76028062,144.2831347
1458,50.840396,-0.2928089
1459,53.0946791,-1.3233931
1460,-33.70583203,150.5550061
1461,48.7415786,9.161513898
1462,-38.37533513,142.4942581
1463,34.07944157,-118.3962122
1464,49.24532913,-122.985332
1465,34.17969407,-118.3122904
1466,51.47554517,-1.182226796
1467,48.37986113,-123.7450048
1468,51.9155691,-2.1036514
1469,-37.6939501,144.5450796
1470,49.22304605,-123.0380868
1471,48.43920262,-123.5036783
1472,47.54191329,-122.6450635
1473,54.0077562,-1.0518528
1474,48.9011221,2.154037
1475,38.10504528,-122.5679869
1476,33.6144112,-117.738866
1477,49.21739019,-123.0519554
1478,32.73776782,-117.0382411
1479,34.18885635,-118.3092017
1480,45.3895077,-122.7307598
1481,51.97235451,7.666090363
1482,53.9483176,-1.0736962
1483,-31.42532134,152.903234
1484,49.0574314,6.1690155
1485,-37.5766229,144.6937186
1486,47.25690054,-122.4522934
1487,50.04189621,2.112746452
1488,33.86150375,-118.1406391
1489,51.24323555,9.449150668
1490,47.54033897,-122.6440519
1491,53.33770626,-2.7272176
1492,-34.89450783,138.5306459
1493,37.5850273,-122.4783042
1494,-37.814076,144.9581581
1495,-38.1099663,145.2830007
1496,48.75401253,-122.4769425
1497,-32.93000408,151.7733068
1498,-27.46351403,153.0184645
1499,50.74773137,3.121389959
1500,-38.14865,145.1765378
1501,-27.47500882,153.0174377
1502,48.8748961,2.2838381
1503,34.17641664,-118.3025962
1504,49.21161126,-122.6184795
1505,-33.96497225,151.2235073
1506,32.75156327,-117.0405443
1507,51.4371238,-0.1487363
1508,-33.87686464,151.2034188
1509,53.4353519,9.986773
1510,49.11284469,6.166634325
1511,-27.46241593,153.0348372
1512,48.88745245,2.168691048
1513,50.74517594,3.114042837
1514,47.68545743,-122.2138201
1515,48.14341122,11.45630585
1516,47.81071724,-122.3785394
1517,47.61382997,-122.3243761
1518,32.57575698,-117.1161334
1519,49.22677644,-123.0391658
1520,-33.69288293,150.5460383
1521,51.4072715,-0.3029707
1522,-30.30254176,153.1117028
1523,49.2736169,-123.1405429
1524,51.3679968,-0.3045268
1525,47.53684595,-122.0315341
1526,51.25303523,9.443804947
1527,48.98894378,2.561543921
1528,54.1580337,-1.2870673
1529,32.7321938,-117.1460298
1530,-34.42412294,150.8880855
1531,51.7173415,-1.2323161
1532,33.8463239,-118.1717791
1533,48.8965914,2.243365953
1534,48.50130433,-122.2441879
1535,37.9507685,-121.988668
1536,51.5684089,-0.0584584
1537,53.8015894,-1.5709282
1538,48.14234731,11.45566345
1539,48.428387,-123.3087363
1540,-36.75424101,144.2789723
1541,-31.96919335,115.9389655
1542,47.8883189,-122.301207
1543,47.90739654,1.917390408
1544,50.92030025,-0.466113959
1545,51.39848062,-0.341352999
1546,54.9755116,-1.5241735
1547,32.58262208,-117.122409
1548,32.593566,-117.0559696
1549,48.45169986,-123.4997949
1550,48.7154047,11.406091
1551,51.1748865,10.45884922
1552,-27.47638701,153.0270476
1553,-33.84564975,151.2161821
1554,-34.43039376,150.8876272
1555,32.67436654,-117.0654301
1556,45.44299002,-122.6407699
1557,47.67778726,-122.2125992
1558,51.6627109,-0.3998025
1559,-23.38084417,150.5169755
1560,32.73767955,-117.0235654
1561,37.7048643,-122.4598855
1562,45.4515766,-122.8230534
1563,49.21169419,-122.6170874
1564,-19.266646,146.8087667
1565,48.9846772,2.565560272
1566,-27.5246692,153.1047738
1567,37.4893671,-122.2576299
1568,-38.36072369,142.4968239
1569,-33.83413842,151.0558634
1570,51.50075339,-0.129918255
1571,48.38568695,-123.5326589
1572,37.9719068,-121.9976751
1573,51.17108848,10.45031787
1574,51.63678296,0.428118713
1575,47.54975685,-122.6305101
1576,52.04133278,-0.757786821
1577,50.74424527,7.091298832
1578,51.5565431,-0.2225904
1579,47.98400211,-122.2109047
1580,32.73738682,-117.0294288
1581,-33.84759039,151.2067861
1582,51.32161122,9.471126243
1583,48.51183416,-123.3883925
1584,53.7934197,-1.3700198
1585,51.51758,-0.0281871
1586,-32.93498233,151.7898176
1587,-36.7549516,144.273847
1588,37.7672392,-122.4373261
1589,-37.8164883,144.8496626
1590,45.15063252,-122.8618786
1591,44.52704464,-122.9156506
1592,48.8614176,2.357691637
1593,51.5038095,-0.0369794
1594,54.97399967,-1.625249813
1595,-27.47184656,153.0616133
1596,49.20804252,-123.0375391
1597,-27.6712229,152.9235802
1598,49.2813249,-123.1306784
1599,-33.83052513,151.2120513
1600,45.5699298,-122.6898825
1601,53.3394224,-2.736132391
1602,51.28061052,14.85089993
1603,51.49930177,-0.13641102
1604,-34.358334,150.8993087
1605,49.2200443,-123.0396702
1606,33.87825569,-118.1265751
1607,33.61896557,-117.9194466
1608,33.87624531,-118.1251051
1609,51.9002863,-2.1122523
1610,48.8867529,2.1590534
1611,48.92356042,2.453993636
1612,33.6170689,-117.8565712
1613,-19.26260772,146.8137195
1614,53.79384314,-1.551614463
1615,48.62485132,-123.6241243
1616,50.4001302,11.8139991
1617,33.86049774,-118.1413852
1618,33.8636486,-118.1791721
1619,48.98190314,2.555816785
1620,-27.47714758,153.0229283
1621,47.46777282,-122.3398188
1622,51.4493503,-0.9570374
1623,34.065012,-118.4565753
1624,-28.00772416,153.3940942
1625,-34.43456611,150.8961121
1626,50.11025642,8.684395343
1627,34.17935476,-118.3067786
1628,48.7119793,-122.5064893
1629,-38.1592191,144.3526854
1630,-37.7254479,144.9240316
1631,47.9876716,-122.1946481
1632,37.9775619,-122.0825271
1633,48.44621784,-123.4948857
1634,32.67803582,-117.1811879
1635,48.90570341,2.440099524
1636,34.1083857,-118.4158806
1637,-30.30574511,153.1013671
1638,45.4339628,-122.7312949
1639,50.10695436,8.688811281
1640,48.44108081,-123.4918528
1641,37.43940025,-122.1336183
1642,48.36722841,-123.7326733
1643,33.9889796,-117.9603782
1644,48.89760908,2.096228808
1645,48.37958348,-123.7379775
1646,47.60788571,-122.3247546
1647,37.6991949,-122.4864518
1648,51.04029373,2.385348386
1649,48.966077,2.523268
1650,51.18724189,6.688638445
1651,50.1426383,8.6544914
1652,49.20807919,-123.0429149
1653,34.15789225,-118.6106478
1654,48.41720346,-123.3208677
1655,45.13779346,-122.8627683
1656,53.5730533,-1.4698012
1657,49.2076219,-123.0334191
1658,48.75898107,-122.4880412
1659,-38.36441143,142.49518
1660,50.61966221,3.14155913
1661,-34.4252787,150.89323
1662,-19.25136064,146.8138822
1663,37.9413288,-122.0848979
1664,45.4360781,-122.6999595
1665,-33.83055842,151.0824174
1666,48.61242495,-123.6194515
1667,47.67292263,-122.1991748
1668,51.53005787,6.936722703
1669,38.10245636,-122.5693875
1670,48.4970732,-123.3816816
1671,51.51273815,-0.13694372
1672,45.4594845,-122.646704
1673,48.90112082,2.267895041
1674,53.40161462,-2.988761499
1675,51.4476183,6.643529966
1676,51.16135811,10.45674844
1677,32.66167589,-117.0748922
1678,51.5875418,7.5921286
1679,48.44006589,-123.5008915
1680,53.56468604,10.0485729
1681,32.73723527,-117.0285962
1682,-33.84944823,151.2025158
1683,48.44777438,-123.4917359
1684,27.9232315,-82.7416069
1685,37.57228568,-122.34046
1686,49.21502759,-122.6224553
1687,48.89495584,2.241908386
1688,-38.0666537,145.3383931
1689,32.69124428,-117.183267
1690,48.50169105,-122.2409734
1691,47.80305771,1.077763885
1692,33.77518529,-118.1981518
1693,46.61034491,-120.5026749
1694,38.1160497,-122.5875368
1695,50.74518586,7.088526468
1696,51.15736466,10.45683662
1697,48.93964726,2.3511773
1698,-19.25477891,146.8244441
1699,38.011926,-121.962888
1700,34.06504329,-118.3971494
1701,48.4180306,-123.5148953
1702,48.36748338,-123.7306443
1703,-33.69905079,150.5438504
1704,49.21643163,-123.0475961
1705,46.05461083,-118.3371734
1706,51.28210785,14.83811804
1707,45.37011995,-122.6066788
1708,-38.11057119,145.2791815
1709,33.85559087,-118.1314677
1710,-33.82931136,151.2030238
1711,-27.46092521,153.0516539
1712,49.32313331,-123.0726143
1713,33.85043199,-118.1353351
1714,50.22804133,8.627491434
1715,51.4015784,-0.343705958
1716,48.50627634,-123.3798083
1717,52.04748743,-0.767429487
1718,32.73950854,-117.0347135
1719,53.33603626,-2.73724139
1720,47.47747264,-122.2075176
1721,52.46074818,13.33347505
1722,49.21032382,-123.054001
1723,48.4989649,-123.3875461
1724,38.11131415,-122.5633799
1725,48.6266407,-123.62561
1726,48.88734491,2.415796516
1727,-38.37324824,142.499834
1728,48.88922611,2.232307451
1729,48.92394405,2.25080389
1730,34.07628029,-117.9293505
1731,45.1344583,-122.8579912
1732,51.4738484,-0.1533077
1733,45.4833446,-122.6887157
1734,32.58375495,-117.1049764
1735,50.31578809,11.90427951
1736,48.36921945,-123.735303
1737,49.23280868,6.998490526
1738,49.32908817,-123.0672851
1739,-33.87715432,151.2156365
1740,49.20382966,-122.6667118
1741,49.11335115,-122.6570341
1742,45.5028014,-122.7233285
1743,47.6082373,-122.3345971
1744,47.53115299,-122.0412261
1745,53.96324297,-1.096821816
1746,48.3681859,-123.7361913
1747,47.67077246,-122.2020601
1748,48.50310192,-123.3832481
1749,48.75976257,-122.4855209
1750,-34.89185508,138.5326279
1751,34.13359035,-118.2556425
1752,47.67176161,-122.1977547
1753,49.31006077,-123.0641087
1754,54.97077047,-1.617595741
1755,48.75743829,-122.4702164
1756,51.5236713,6.8392162
1757,-38.37400163,142.5079905
1758,-38.36868435,142.5015746
1759,51.24064401,9.446125216
1760,47.59806936,-122.3378204
1761,37.5792397,-122.0769406
1762,52.47659837,13.32514785
1763,-30.298612,153.1093922
1764,-37.59107499,144.7191578
1765,-34.42087565,150.8836284
1766,48.75635292,-122.4812724
1767,33.87473031,-118.1222802
1768,48.89958825,2.150507299
1769,49.31978343,7.292352353
1770,-37.57745291,144.7233491
1771,49.12226328,-122.8606931
1772,48.75353451,-122.4741273
1773,53.3154451,-2.561379
1774,-34.8188749,138.6999767
1775,51.8590496,-2.236378725
1776,38.1076738,-122.5608851
1777,-33.88561228,151.2215093
1778,50.74289151,7.102418584
1779,50.7394189,3.139481
1780,37.47595747,-122.2307038
1781,51.87181089,-2.233355579
1782,48.50058537,-123.3810404
1783,-28.00984897,153.4013171
1784,49.21019196,-122.6620613
1785,33.88631505,-118.1234543
1786,49.31388335,-123.0652113
1787,48.45049924,-123.4986083
1788,-33.82332233,151.1722398
1789,52.6077514,-0.2667249
1790,-27.4731827,153.0260653
1791,51.73661141,14.32775833
1792,51.51143216,-0.119039149
1793,53.33898643,-2.724836936
1794,51.71978924,8.757431969
1795,-27.47955394,153.0169974
1796,-23.36958765,150.5078424
1797,-31.43933545,152.9037231
1798,34.2421123,-118.2667853
1799,-23.38082887,150.5020806
1800,33.6126327,-117.9363122
1801,54.0571914,-0.9684065
1802,37.9516871,-121.989513
1803,48.7428502,-122.4690472
1804,45.9768329,-122.8683737
1805,-33.87133127,151.2233389
1806,53.00846575,-2.17567731
1807,-23.37949917,150.5047764
1808,51.45285243,-0.972235606
1809,-34.42694773,150.8955457
1810,-38.14699402,144.3562764
1811,-27.46700976,153.0180128
1812,53.34817458,-2.736563905
1813,34.06140517,-118.2491783
1814,37.57625255,-122.3580597
1815,-33.9662085,151.251311
1816,47.2027696,-122.484879
1817,51.5220148,-0.1957248
1818,45.51901191,-122.6682434
1819,49.09631933,-122.65764
1820,47.82787014,-122.3205058
1821,45.5323513,-122.4395187
1822,51.47627037,-1.188002449
1823,34.047273,-118.2495456
1824,46.0573809,-118.3157892
1825,45.44825434,-122.6452631
1826,49.32311029,-123.0810539
1827,32.67000271,-117.0797815
1828,51.39915456,-0.341296119
1829,48.7457031,2.259419397
1830,49.22353834,-122.6150196
1831,51.44912123,-0.987899764
1832,51.6328797,-0.7698835
1833,37.44896437,-122.1408684
1834,37.833087,-122.270432
1835,51.4979039,-0.0901116
1836,48.89523196,2.164709504
1837,49.1494413,-123.1721753
1838,51.23953603,9.451825373
1839,50.62406214,3.151289145
1840,46.06013593,-118.3456927
1841,47.5313281,-122.2371329
1842,48.7445804,2.2673121
1843,-27.4666544,153.0164923
1844,48.05167476,-122.1818303
1845,-38.36666463,142.5038866
1846,48.8719366,2.3958645
1847,53.4813252,-2.881126026
1848,48.50488453,-123.384471
1849,49.20721077,-122.6277803
1850,49.10221627,-122.6549248
1851,-33.7969176,150.6883418
1852,48.75330201,-122.4704925
1853,53.9599651,-1.0872979
1854,-27.48920219,153.0476655
1855,52.57279366,-0.24140853
1856,-26.8067804,153.1328329
1857,47.68675705,-122.1969859
1858,-33.84946224,151.2101446
1859,49.10131486,-122.6635304
1860,47.5961685,-122.1534446
1861,-38.36041066,142.4908589
1862,-34.4252967,150.895485
1863,-33.96231688,151.2430962
1864,37.9614,-121.9875586
1865,34.20793095,-119.0466615
1866,49.31606652,-123.0799298
1867,34.08115256,-118.4014094
1868,-33.84839813,151.2138115
1869,-28.01010766,153.3931339
1870,-38.11151627,145.1345805
1871,48.74273865,-122.4836478
1872,48.37380251,-123.7322634
1873,49.21732834,-123.04242
1874,-38.09820095,145.1276123
1875,48.97955239,2.560642334
1876,47.61162339,-122.3266531
1877,49.32284834,6.742322817
1878,48.74893546,-122.4789144
1879,48.8996202,2.43062109
1880,45.5392016,-122.8410411
1881,49.4608956,7.1828905
1882,48.44116774,-123.4898681
1883,32.83859004,-117.2757999
1884,49.2463258,-122.9973853
1885,47.81915956,-122.3120345
1886,52.5011562,13.34940654
1887,54.05484427,-2.808229306
1888,51.62854022,0.41801179
1889,-34.75678389,149.736293
1890,51.62048723,0.410667197
1891,48.6770341,2.194164
1892,49.1193519,6.167605766
1893,37.804466,-122.1967649
1894,-38.14929784,144.3687875
1895,-34.90522182,138.5292696
1896,48.49860829,-123.389888
1897,-33.86088419,151.2145416
1898,-23.37179524,150.508641
1899,51.4586173,6.9422333
1900,43.61861091,1.33846085
1901,49.20441987,-122.6564882
1902,49.31406951,6.755597664
1903,51.04114214,2.386354639
1904,48.50032182,-123.3764934
1905,48.85219315,2.348533495
1906,34.16997427,-118.6102076
1907,48.45040752,-123.5013211
1908,53.3263623,-2.7572749
1909,49.20992813,-123.0454989
1910,-19.25406045,146.814848
1911,33.85711347,-118.1324433
1912,-33.83213295,151.0479096
1913,51.66201426,-0.400222704
1914,53.79202963,-1.544843624
1915,48.85960309,2.356213356
1916,40.0991039,-79.8448913
1917,32.82421187,-117.2622127
1918,48.74269745,2.258170322
1919,46.60914111,-120.5093204
1920,-26.79224512,153.1338399
1921,51.16743344,10.46099381
1922,52.47577388,13.38074997
1923,37.982179,-121.9998212
1924,49.22121453,-123.048219
1925,50.30428876,11.90584134
1926,49.2565804,6.1553197
1927,-33.84513851,151.2132456
1928,37.483442,-122.222833
1929,53.4531129,-2.8822836
1930,45.42681303,-122.6612911
1931,-37.58331674,144.7048576
1932,48.50767201,-123.3891355
1933,51.28055657,14.84766784
1934,50.31920292,11.91014902
1935,49.31805619,-123.0774733
1936,-31.95187627,115.8534922
1937,-33.7847659,150.6912949
1938,47.5420952,-122.3857824
1939,49.21091653,-122.6168656
1940,34.1018943,-118.0962236
1941,51.29044622,14.84371271
1942,49.20902528,-123.0436654
1943,46.06403661,-118.3410637
1944,-23.37178257,150.5150914
1945,38.11655096,-122.5619148
1946,49.09449526,-122.6643082
1947,50.88620902,-1.367127726
1948,47.52068558,-122.036473
1949,44.53690276,-122.9111823
1950,47.47141157,-122.337283
1951,47.68673308,-122.378303
1952,-28.02618124,153.3993643
1953,37.9722554,-122.1028313
1954,49.12317693,6.183207735
1955,47.68383248,-122.3863588
1956,50.11302716,8.677959853
1957,32.79199494,-116.9659712
1958,47.26285132,-122.4541985
1959,-27.46151352,153.0189506
1960,37.9419008,-122.0191668
1961,48.39161346,-123.5323627
1962,49.199998,-122.9232933
1963,46.5944804,-120.5664293
1964,49.31033392,6.747084921
1965,33.88424377,-118.1127165
1966,32.82801044,-117.2783866
1967,48.75430629,-122.4714999
1968,48.8981454,2.4966702
1969,50.0782738,8.4465024
1970,51.1686777,7.0285923
1971,46.60325654,-120.498562
1972,45.36571676,-122.6180757
1973,36.97866681,-122.0223381
1974,-30.30804249,153.104087
1975,45.4340397,-122.6190973
1976,37.86240017,-122.2741774
1977,49.10606672,-122.6654183
1978,48.49218793,-123.3916035
1979,-27.208257,153.04419
1980,37.9594006,-121.9722132
1981,52.46408968,13.32935802
1982,50.62952795,3.142032968
1983,37.68665855,-122.4606939
1984,49.0332006,2.069967633
1985,49.32965551,-123.064559
1986,48.75278525,-122.4759442
1987,49.21690066,-122.6313164
1988,48.7470761,-122.4043695
1989,48.61139251,-123.6245715
1990,-33.83869096,151.0535229
1991,47.67301966,-122.1278976
1992,48.45179895,-123.4874974
1993,48.15542307,11.4582809
1994,47.03089398,-122.9094472
1995,48.7453324,-122.3978544
1996,51.7870406,8.7149391
1997,48.8867529,2.1590534
1998,48.88936203,2.243157407
1999,-27.2839295,152.9738611
2000,32.71780014,-117.1694871
2001,53.95031288,-1.089674367
2002,51.9013806,-2.0505944
2003,51.50907715,-0.129849205
2004,-28.0129644,153.3968291
2005,37.8815682,-122.2487493
2006,53.54723859,9.997327014
2007,49.32395329,-123.0749672
2008,-23.37620111,150.5043469
2009,51.45524957,-0.986285717
2010,49.11192894,-122.6593895
2011,51.41343401,-0.762091017
2012,-31.94590589,115.8621877
2013,51.50690261,-0.128177108
2014,-33.80752044,151.1741824
2015,33.88115557,-118.1077134
2016,-33.97533339,151.2573831
2017,51.75713688,-1.249009333
2018,-33.87398905,151.2194363
2019,49.30877531,7.280464179
2020,49.10679807,-122.6610526
2021,-32.92549952,151.7725025
2022,37.8248489,-122.3720819
2023,49.09962678,-122.6540705
2024,47.04206587,-122.9056319
2025,51.30301907,9.485908031
2026,33.88284764,-118.1115311
2027,49.24438119,-122.9817558
2028,37.603918,-122.4193824
2029,49.19874741,-122.6513556
2030,-25.28692516,152.7633073
2031,-27.4929334,153.2421734
2032,-27.3697347,153.1816509
2033,47.6366515,-122.6414873
2034,-33.70218076,150.5466514
2035,49.023882,-122.7948657
2036,48.42638862,-123.3255165
2037,47.25686552,-122.4445098
2038,49.10251251,-122.6543558
2039,-31.96541802,115.9472786
2040,45.388709,-122.6304741
2041,45.4937704,-122.7794856
2042,37.9846943,-122.0990286
2043,48.62051904,-123.623072
2044,48.81280048,2.205446844
2045,34.0482547,-118.4435525
2046,-31.43448864,152.8918889
2047,48.9282816,2.3771157
2048,33.87437503,-118.117892
2049,-33.8464187,151.0218071
2050,32.64144992,-117.0819626
2051,48.49997087,-123.3853315
2052,-31.44213012,152.9033533
2053,32.68944205,-117.179388
2054,34.0747156,-118.4002271
2055,47.59705239,-122.3246589
2056,45.51675819,-122.6667608
2057,33.77472276,-118.1894597
2058,53.47272337,-2.900493934
2059,51.03647952,2.38611654
2060,48.79619543,2.651564166
2061,37.5150696,-122.2598446
2062,34.0466868,-117.9003647
2063,48.50774566,-123.378566
2064,49.62728741,7.5573132
2065,53.95076119,-1.083305499
2066,37.69234377,-122.4711647
2067,48.7288779,-122.4616616
2068,37.48076965,-122.2460863
2069,48.04593207,-122.1827715
2070,-25.297398,152.7765802
2071,-33.82000731,151.1760433
2072,-33.85126806,151.2176018
2073,48.74840577,-122.4731807
2074,48.50525774,-123.3873966
2075,-30.29685953,153.1182947
2076,-36.76095951,144.2871527
2077,-37.58707098,144.7238276
2078,47.48618225,-122.2177036
2079,47.67475759,-122.1208154
2080,33.7748479,-118.1210758
2081,49.20886242,-123.0481068
2082,49.20961328,-122.6506443
2083,43.60403819,1.345326387
2084,49.21278469,-122.6564557
2085,48.42706365,-123.3589943
2086,33.83758384,-118.3397051
2087,51.51317388,-0.137302551
2088,49.22373242,-122.6133081
2089,-37.6949386,144.5715164
2090,51.75180866,-1.260636882
2091,32.83485928,-117.2635386
2092,-33.96958545,151.2493647
2093,37.86403995,-122.2648006
2094,33.89092116,-118.114989
2095,47.662428,-122.151549
2096,49.22074886,-122.6286834
2097,-26.80313095,153.1418588
2098,44.56736927,-123.2527134
2099,49.10326952,-122.6547146
2100,48.9369981,2.1531043
2101,37.66803592,-122.4554541
2102,50.69044457,3.184161309
2103,49.20762878,-122.6196027
2104,49.24905896,-122.9774783
2105,47.47632223,-122.3444823
2106,37.49385034,-122.2272776
2107,48.73727928,9.15690121
2108,50.31762258,11.91367624
2109,49.22520771,-122.6318483
2110,48.75020853,-122.4759665
2111,48.8864095,2.3405716
2112,48.61717003,-123.620567
2113,47.97180428,-122.2080467
2114,32.67015765,-117.0980813
2115,48.62689921,-123.6280664
2116,50.1000489,8.7517099
2117,-23.38152657,150.5005033
2118,48.62340611,-123.6305533
2119,49.11260138,6.17011251
2120,37.86943878,-122.2634189
2121,51.39261665,-0.340172532
2122,-27.46248219,153.0666047
2123,51.89346221,-2.085123568
2124,48.38390718,-123.5347119
